annotation_id,gene,confidence
ANN:00001,GENE001,90
ANN:00002,GENE002,74
ANN:00003,GENE003,46
ANN:00004,GENE004,73
ANN:00005,GENE005,61
ANN:00006,GENE006,36
ANN:00007,GENE007,71
ANN:00008,GENE008,69
ANN:00009,GENE009,47
ANN:00010,GENE010,83
ANN:00011,GENE011,95
ANN:00012,GENE012,82
ANN:00013,GENE013,5
ANN:00014,GENE014,96
ANN:00015,GENE015,70
ANN:00016,GENE016,97
ANN:00017,GENE017,88
ANN:00018,GENE018,43
ANN:00019,GENE019,85
ANN:00020,GENE020,5
ANN:00021,GENE021,21
ANN:00022,GENE022,58
ANN:00023,GENE023,95
ANN:00024,GENE024,57
ANN:00025,GENE025,88
ANN:00026,GENE026,27
ANN:00027,GENE027,23
ANN:00028,GENE028,35
ANN:00029,GENE029,95
ANN:00030,GENE030,72
ANN:00031,GENE031,55
ANN:00032,GENE032,17
ANN:00033,GENE033,79
ANN:00034,GENE034,58
ANN:00035,GENE035,63
ANN:00036,GENE036,13
ANN:00037,GENE037,41
ANN:00038,GENE038,51
ANN:00039,GENE039,65
ANN:00040,GENE040,90
ANN:00041,GENE041,81
ANN:00042,GENE042,88
ANN:00043,GENE043,96
ANN:00044,GENE044,98
ANN:00045,GENE045,87
ANN:00046,GENE046,78
ANN:00047,GENE047,71
ANN:00048,GENE048,47
ANN:00049,GENE049,13
ANN:00050,GENE050,95
ANN:00051,GENE051,84
ANN:00052,GENE052,99
ANN:00053,GENE053,36
ANN:00054,GENE054,65
ANN:00055,GENE055,20
ANN:00056,GENE056,89
ANN:00057,GENE057,98
ANN:00058,GENE058,80
ANN:00059,GENE059,30
ANN:00060,GENE060,58
ANN:00061,GENE061,89
ANN:00062,GENE062,46
ANN:00063,GENE063,76
ANN:00064,GENE064,84
ANN:00065,GENE065,1
ANN:00066,GENE066,23
ANN:00067,GENE067,79
ANN:00068,GENE068,78
ANN:00069,GENE069,67
ANN:00070,GENE070,57
ANN:00071,GENE071,84
ANN:00072,GENE072,82
ANN:00073,GENE073,15
ANN:00074,GENE074,20
ANN:00075,GENE075,11
ANN:00076,GENE076,22
ANN:00077,GENE077,12
ANN:00078,GENE078,81
ANN:00079,GENE079,64
ANN:00080,GENE080,17
ANN:00081,GENE081,25
ANN:00082,GENE082,9
ANN:00083,GENE083,84
ANN:00084,GENE084,82
ANN:00085,GENE085,22
ANN:00086,GENE086,35
ANN:00087,GENE087,86
ANN:00088,GENE088,29
ANN:00089,GENE089,47
ANN:00090,GENE090,15
ANN:00091,GENE091,55
ANN:00092,GENE092,79
ANN:00093,GENE093,77
ANN:00094,GENE094,98
ANN:00095,GENE095,98
ANN:00096,GENE096,16
ANN:00097,GENE000,79
ANN:00098,GENE001,19
ANN:00099,GENE002,93
ANN:00100,GENE003,63
ANN:00101,GENE004,92
ANN:00102,GENE005,84
ANN:00103,GENE006,76
ANN:00104,GENE007,26
ANN:00105,GENE008,97
ANN:00106,GENE009,99
ANN:00107,GENE010,53
ANN:00108,GENE011,18
ANN:00109,GENE012,20
ANN:00110,GENE013,36
ANN:00111,GENE014,3
ANN:00112,GENE015,77
ANN:00113,GENE016,72
ANN:00114,GENE017,59
ANN:00115,GENE018,8
ANN:00116,GENE019,13
ANN:00117,GENE020,85
ANN:00118,GENE021,62
ANN:00119,GENE022,44
ANN:00120,GENE023,64
ANN:00121,GENE024,22
ANN:00122,GENE025,94
ANN:00123,GENE026,73
ANN:00124,GENE027,77
ANN:00125,GENE028,50
ANN:00126,GENE029,81
ANN:00127,GENE030,20
ANN:00128,GENE031,84
ANN:00129,GENE032,88
ANN:00130,GENE033,3
ANN:00131,GENE034,68
ANN:00132,GENE035,99
ANN:00133,GENE036,99
ANN:00134,GENE037,52
ANN:00135,GENE038,32
ANN:00136,GENE039,66
ANN:00137,GENE040,97
ANN:00138,GENE041,58
ANN:00139,GENE042,17
ANN:00140,GENE043,86
ANN:00141,GENE044,78
ANN:00142,GENE045,93
ANN:00143,GENE046,93
ANN:00144,GENE047,29
ANN:00145,GENE048,83
ANN:00146,GENE049,5
ANN:00147,GENE050,16
ANN:00148,GENE051,59
ANN:00149,GENE052,91
ANN:00150,GENE053,40
ANN:00151,GENE054,14
ANN:00152,GENE055,39
ANN:00153,GENE056,70
ANN:00154,GENE057,87
ANN:00155,GENE058,19
ANN:00156,GENE059,72
ANN:00157,GENE060,37
ANN:00158,GENE061,37
ANN:00159,GENE062,75
ANN:00160,GENE063,95
ANN:00161,GENE064,48
ANN:00162,GENE065,1
ANN:00163,GENE066,88
ANN:00164,GENE067,44
ANN:00165,GENE068,4
ANN:00166,GENE069,12
ANN:00167,GENE070,95
ANN:00168,GENE071,27
ANN:00169,GENE072,92
ANN:00170,GENE073,26
ANN:00171,GENE074,50
ANN:00172,GENE075,73
ANN:00173,GENE076,95
ANN:00174,GENE077,93
ANN:00175,GENE078,65
ANN:00176,GENE079,38
ANN:00177,GENE080,53
ANN:00178,GENE081,14
ANN:00179,GENE082,65
ANN:00180,GENE083,91
ANN:00181,GENE084,63
ANN:00182,GENE085,86
ANN:00183,GENE086,86
ANN:00184,GENE087,4
ANN:00185,GENE088,76
ANN:00186,GENE089,86
ANN:00187,GENE090,68
ANN:00188,GENE091,89
ANN:00189,GENE092,47
ANN:00190,GENE093,86
ANN:00191,GENE094,93
ANN:00192,GENE095,86
ANN:00193,GENE096,35
ANN:00194,GENE000,69
ANN:00195,GENE001,92
ANN:00196,GENE002,47
ANN:00197,GENE003,12
ANN:00198,GENE004,41
ANN:00199,GENE005,70
ANN:00200,GENE006,94
ANN:00201,GENE007,55
ANN:00202,GENE008,71
ANN:00203,GENE009,98
ANN:00204,GENE010,75
ANN:00205,GENE011,17
ANN:00206,GENE012,69
ANN:00207,GENE013,32
ANN:00208,GENE014,79
ANN:00209,GENE015,71
ANN:00210,GENE016,44
ANN:00211,GENE017,80
ANN:00212,GENE018,82
ANN:00213,GENE019,94
ANN:00214,GENE020,91
ANN:00215,GENE021,89
ANN:00216,GENE022,35
ANN:00217,GENE023,28
ANN:00218,GENE024,3
ANN:00219,GENE025,34
ANN:00220,GENE026,29
ANN:00221,GENE027,11
ANN:00222,GENE028,73
ANN:00223,GENE029,63
ANN:00224,GENE030,2
ANN:00225,GENE031,59
ANN:00226,GENE032,88
ANN:00227,GENE033,19
ANN:00228,GENE034,20
ANN:00229,GENE035,20
ANN:00230,GENE036,0
ANN:00231,GENE037,99
ANN:00232,GENE038,40
ANN:00233,GENE039,97
ANN:00234,GENE040,88
ANN:00235,GENE041,4
ANN:00236,GENE042,4
ANN:00237,GENE043,52
ANN:00238,GENE044,11
ANN:00239,GENE045,78
ANN:00240,GENE046,27
ANN:00241,GENE047,74
ANN:00242,GENE048,15
ANN:00243,GENE049,70
ANN:00244,GENE050,73
ANN:00245,GENE051,97
ANN:00246,GENE052,68
ANN:00247,GENE053,11
ANN:00248,GENE054,17
ANN:00249,GENE055,8
ANN:00250,GENE056,2
ANN:00251,GENE057,3
ANN:00252,GENE058,74
ANN:00253,GENE059,94
ANN:00254,GENE060,70
ANN:00255,GENE061,76
ANN:00256,GENE062,26
ANN:00257,GENE063,98
ANN:00258,GENE064,97
ANN:00259,GENE065,37
ANN:00260,GENE066,69
ANN:00261,GENE067,97
ANN:00262,GENE068,82
ANN:00263,GENE069,98
ANN:00264,GENE070,23
ANN:00265,GENE071,76
ANN:00266,GENE072,90
ANN:00267,GENE073,3
ANN:00268,GENE074,2
ANN:00269,GENE075,74
ANN:00270,GENE076,97
ANN:00271,GENE077,34
ANN:00272,GENE078,70
ANN:00273,GENE079,0
ANN:00274,GENE080,47
ANN:00275,GENE081,3
ANN:00276,GENE082,85
ANN:00277,GENE083,37
ANN:00278,GENE084,85
ANN:00279,GENE085,93
ANN:00280,GENE086,68
ANN:00281,GENE087,6
ANN:00282,GENE088,27
ANN:00283,GENE089,1
ANN:00284,GENE090,51
ANN:00285,GENE091,81
ANN:00286,GENE092,48
ANN:00287,GENE093,75
ANN:00288,GENE094,67
ANN:00289,GENE095,88
ANN:00290,GENE096,36
ANN:00291,GENE000,92
ANN:00292,GENE001,47
ANN:00293,GENE002,31
ANN:00294,GENE003,53
ANN:00295,GENE004,16
ANN:00296,GENE005,97
ANN:00297,GENE006,89
ANN:00298,GENE007,40
ANN:00299,GENE008,92
ANN:00300,GENE009,77
ANN:00301,GENE010,64
ANN:00302,GENE011,2
ANN:00303,GENE012,12
ANN:00304,GENE013,71
ANN:00305,GENE014,80
ANN:00306,GENE015,82
ANN:00307,GENE016,56
ANN:00308,GENE017,73
ANN:00309,GENE018,15
ANN:00310,GENE019,57
ANN:00311,GENE020,54
ANN:00312,GENE021,73
ANN:00313,GENE022,69
ANN:00314,GENE023,58
ANN:00315,GENE024,79
ANN:00316,GENE025,71
ANN:00317,GENE026,67
ANN:00318,GENE027,97
ANN:00319,GENE028,52
ANN:00320,GENE029,46
ANN:00321,GENE030,82
ANN:00322,GENE031,87
ANN:00323,GENE032,68
ANN:00324,GENE033,29
ANN:00325,GENE034,85
ANN:00326,GENE035,10
ANN:00327,GENE036,50
ANN:00328,GENE037,70
ANN:00329,GENE038,97
ANN:00330,GENE039,96
ANN:00331,GENE040,96
ANN:00332,GENE041,71
ANN:00333,GENE042,64
ANN:00334,GENE043,62
ANN:00335,GENE044,40
ANN:00336,GENE045,78
ANN:00337,GENE046,35
ANN:00338,GENE047,62
ANN:00339,GENE048,81
ANN:00340,GENE049,55
ANN:00341,GENE050,55
ANN:00342,GENE051,14
ANN:00343,GENE052,63
ANN:00344,GENE053,87
ANN:00345,GENE054,71
ANN:00346,GENE055,33
ANN:00347,GENE056,7
ANN:00348,GENE057,73
ANN:00349,GENE058,95
ANN:00350,GENE059,92
ANN:00351,GENE060,13
ANN:00352,GENE061,70
ANN:00353,GENE062,97
ANN:00354,GENE063,56
ANN:00355,GENE064,9
ANN:00356,GENE065,74
ANN:00357,GENE066,37
ANN:00358,GENE067,30
ANN:00359,GENE068,68
ANN:00360,GENE069,83
ANN:00361,GENE070,62
ANN:00362,GENE071,27
ANN:00363,GENE072,25
ANN:00364,GENE073,93
ANN:00365,GENE074,89
ANN:00366,GENE075,90
ANN:00367,GENE076,71
ANN:00368,GENE077,99
ANN:00369,GENE078,25
ANN:00370,GENE079,51
ANN:00371,GENE080,97
ANN:00372,GENE081,38
ANN:00373,GENE082,25
ANN:00374,GENE083,70
ANN:00375,GENE084,3
ANN:00376,GENE085,25
ANN:00377,GENE086,34
ANN:00378,GENE087,16
ANN:00379,GENE088,85
ANN:00380,GENE089,92
ANN:00381,GENE090,33
ANN:00382,GENE091,42
ANN:00383,GENE092,61
ANN:00384,GENE093,62
ANN:00385,GENE094,93
ANN:00386,GENE095,37
ANN:00387,GENE096,62
ANN:00388,GENE000,46
ANN:00389,GENE001,76
ANN:00390,GENE002,74
ANN:00391,GENE003,86
ANN:00392,GENE004,30
ANN:00393,GENE005,56
ANN:00394,GENE006,85
ANN:00395,GENE007,76
ANN:00396,GENE008,84
ANN:00397,GENE009,51
ANN:00398,GENE010,94
ANN:00399,GENE011,80
ANN:00400,GENE012,74
ANN:00401,GENE013,35
ANN:00402,GENE014,28
ANN:00403,GENE015,9
ANN:00404,GENE016,67
ANN:00405,GENE017,69
ANN:00406,GENE018,39
ANN:00407,GENE019,72
ANN:00408,GENE020,7
ANN:00409,GENE021,92
ANN:00410,GENE022,86
ANN:00411,GENE023,42
ANN:00412,GENE024,55
